Id, Label
3044710461,HillaryforAZ
172858784,timkaine
133081348,danielmarans
15458694,HuffPostPol
1947301,thenation
702147673651027968,HFA
3058865345,HillaryforME
29442313,SenSanders
78406420,Koch_Industries
3065900255,HillaryforNH
216776631,BernieSanders
20402945,CNBC
257661436,EamonJavers
3232054991,TheBriefing2016
153860327,FranklinFoer
15164565,Slate
23995748,TheRoot
1339835893,HillaryClinton
26565946,jtimberlake
193441812,PramilaJayapal
3806081652,DeborahRossNC
807095,nytimes
14345812,PostOpinions
19086859,rtraister
34978859,news3jessica
3062027302,HillaryforMN
15824288,MartinOMalley
136361303,voguemagazine
759251,CNN
2774959393,NH_Together
25019277,PlymouthState
939091,JoeBiden
14293310,TIME
229228300,machadooficial
14662569,WMUR9
946549322,GovernorHassan
14526877,TUSK81
755024857373474816,Hillary_esp
3153892631,RobbyMook
214112621,attn
25073877,realDonaldTrump
1536791610,POTUS
2214984592,mikereedschmidt
22162854,PPact
1093090866,FLOTUS
225539878,MichaelPhelps
17264476,Spacekatgal
1697174628,KatieMcGintyPA
36445142,TempleUniv
455288410,RealTimers
196168350,AnnCoulter
19697415,billmaher
32469566,harpersbazaarus
91180720,MaddowBlog
12296312,iava
2836421,MSNBC
2314055840,mayaharris_
743438806477602817,jimrosapepe
41144996,Cubs
47285504,MarkRuffalo
87818409,guardian
17220934,algore
20562637,businessinsider
23083404,KingJames
77852581,LEBassett
21870081,TeamUSA
3386436927,GUPolitics
7856542,Georgetown
375837200,NyleDiMarco
26427638,omerizer
29363230,vademocrats
49573859,iamwill
353225544,Wonkblog
8790772,Carolynyjohnson
338084918,Pharrell
701725963,nowthisnews
3065967867,HillaryforNC
267915933,feministabulous
16815644,ABCPolitics
263269829,coloradodems
3081659314,HillaryforVA
113191401,LevarStoney
107463521,_HamptonU
73181712,TheJusticeDept
26878188,TJMShow
15679641,dallasnews
50325797,chucktodd
615443591,PeteWilliamsNBC
565156245,AlamedaCoDem
3056142064,HillaryforIA
29450962,repjohnlewis
13115682,azcentral
28938202,nicholaskitchel
1330457336,billclinton
16742806,russfeingold
90484508,GovChristie
18580432,b_fung
16244449,jbarro
273283549,MrJoshCharles
17560096,S_C_
16664681,latimes
14377605,TheDemocrats
757303975,ChelseaClinton
75069067,ClintonFdn
701081673681637376,janeosanders
431765325,shailenewoodley
16002085,igorvolsky
3064597541,HillaryforMO
3088855679,HillaryforWI
262319404,UofNH
361569788,Maggie_Hassan
354957876,ColinVanOstern
84183248,NHDems
80111587,JeffYoung
970207298,SenWarren
16188518,Aetna
500704345,Pontifex
16302354,AmericasVoice
18532867,DavidLeopold
43910797,SenSherrodBrown
3233810276,darreldrowland
5695632,BuzzFeed
115434851,smencimer
22203756,mike_pence
357606935,elizabethforma
1622933460,TalkPoverty
3290364847,statnews
57405911,DFAaction
184910040,Adele
68608038,sarasolow
2332617303,NickMerrill
18622869,ezraklein
15691595,coloradoan
48287430,NColtrain
254117355,Morning_Joe
139909832,mic
778251715011289088,TBTimes_Opinion
2374176276,EmpireFOX
4567901,mikepence
24485503,allysonfelix
19302184,usatf
36771809,NatlParkService
2884771,Newsweek
709776333,SueMinterVT
51529533,KGrumke
272191896,SarahEMcBride
173677727,Simone_Biles
43124180,USAGym
19608297,HRC
15467700,ZephyrTeachout
2835886194,colbertlateshow
59839834,JonBatiste
18999261,FOX10Phoenix
233783568,OfficialCBC
2811455407,AdamSmith_usa
7309052,YahooNews
29024380,jesshop23
3047938510,HillaryforCO
18061792,Latina
24729158,ericwms
3061615740,HillaryforPA
15441117,TheManeater
3145735852,CatherineForNV
767852461642002432,BaztaArpaio
26553646,CSNCoyote
3068811118,HillaryforOH
28869095,MorganLCarroll
110396781,ajplus
17934812,colinjones
3002284937,oneVoxdotcom
573754038,JamesTaylor_com
21447363,katyperry
77010454,jencarlosmusic
124763921,creynoldsnc
14222536,tyleroakley
87761810,dougmillsnyt
20371543,kendallybrown
390530361,hannahbfine
833849810,barb_kinney
4449719843,TheRivetersPod
164401565,MontcopaDems
33400961,texasinafrica
23074394,amygdudley
3108351,WSJ
15846407,TheEllenShow
28602948,RepRaulGrijalva
171485965,realgranthill33
19546942,Refinery29
1917731,thehill
27048645,AmericanLegion
237548529,humansofny
79923701,Lin_Manuel
17967675,AmeriCorps
2725669979,GunnelsWarren
1020058453,BuzzFeedNews
47747074,brianschatz
21786618,billmckibben
36972997,NMAAHC
9763482,NYDailyNews
1581289837,MalalaFund
13213122,Deadspin
14095883,Enquirer
13850422,CNNPolitics
21829541,NRA
63112528,Lavernecox
1656913327,sarajacobs89
205392468,FaceTheNation
18916432,SpeakerRyan
35221731,DannyEFreeman
21316253,ZekeJMiller
47216804,Lesdoggg
31108138,RaquelWillis_
16686144,nytopinion
71294756,wolfblitzer
34310801,CNNSitRoom
14135426,keithellison
15900384,MinnesotaDFL
21202724,wccoradio
79214591,Terri_Bonoff
411861905,AngieCraigMN
14173315,NBCNews
112297864,ninhaitseng
25053299,FortuneMagazine
18920073,CHCI
7152572,librarycongress
774337933893636096,LibnOfCongress
16228398,mcuban
862430010,fightfor15
17049258,usabasketball
1071777608,johnpodesta
50055701,MittRomney
37361889,ShotDiva
21220931,LukeRussert
32474693,kenmartin73
532531457,Ann_OLeary
45671898,finneyk
1707321486,madeleine
12670512,llerer
14125897,JeanneShaheen
72198806,SenGillibrand
33537967,amyklobuchar
20113797,stabenow
26637348,TulsiGabbard
141223563,agarciapadilla
847389421,MonicaAce93
107820427,Astrid_NV
277719684,MarlonDMarshall
17719745,RachaelGass
401771836,RossSvenson
31080039,lenadunham
14695985,SEIU
21765244,MaryKayHenry
336851461,jamieleecurtis
1093338182,Lilly_Ledbetter
74580436,AppleMusic
54951973,maryjblige
113047940,JebBush
83398512,MarySteenburgen
71435985,JulianM
2940964728,IAStartingLine
2245369181,Benjernst
535932676,LSD_Esq
3071251042,HillaryforSC
1128218821,ImAngelaBassett
813286,BarackObama
17011177,CecileRichards
2578897310,PPNHAF
35132346,carinsavel
25801216,mayatcontreras
1148468052,NewtownAction
3065753301,HillaryforNV
15808765,CoryBooker
236485849,AmandaRenteria
39611720,jmurray20
49217025,RubenGallego
44177383,GabbyGiffords
65707359,ShuttleCDRKelly
18685948,UofAlabama
402957663,PPFA
28783054,DeAraBalenger
174593833,eltonofficial
815537202,AndraDayMusic
164559233,r_kale
462414498,LydSalt
28502793,TishJames
1438240801,AditiRao83
16789970,SenatorReid
191504048,MsVivicaFox
252701314,gwenrocco
41980825,twephanie
258527102,Michelle_Kleppe
713320651,WPalisoul
57652432,AshaCastleberry
15429685,laughtercrystal
36948268,RepGutierrez
3193330462,Reggie_Abraham
624358183,finallybrenduhh
341929740,BlancaSprkls
174476751,RLopezNV
49698134,JoyAnnReid
18542401,rsemmel
728725874,adinofacollege
278124059,SenBlumenthal
29501253,RepAdamSchiff
15726077,just_jenna
17006036,NARAL
7860902,ilyseh
15365461,NARALNH
21111883,ddlovato
16560657,BET
56838529,raymondbraun
28796289,CWAUnion
14511951,HuffingtonPost
247560825,Mariska
20177423,ELLEmagazine
730802338860957697,richtaylorIA
3333055535,EricHolder
3307397791,tjmit8
137150636,NicholasJThomas
15485441,jimmyfallon
21226678,dartmouth
17565514,shondarhimes
255869083,TheConversation
67918705,amandadecadenet
7532872,lifetimetv
14230524,ladygaga
14706877,shawnjvandiver
14304462,TB_Times
9830752,mySA
53601471,McClainJulie
22454663,Marv_Vien
33435693,IanSams
1643789870,BrianHHough
3002092738,meghanarchy
232268199,NYGovCuomo
432676344,GKButterfield
19915898,lizmwester
213478296,UzoAduba
190787830,sean_p_thomas
395296194,SybrinaFulton
25203361,Rosie
63262233,emilyslist
53929374,Schriock1
244051583,mvlacich
4861489005,megrooney2016
38989873,ChristieSonya
31077933,Burgwinkle
1350461485,andrewmarkoff
2425151,facebook
37923914,NewEngCollege
377350150,realKateWaters
3344711285,rosenbergerlm
161527155,kgrohh
3955496008,avajjackson
61585965,etchaStech
227139868,lorellapraeli
3105794610,Brown_SFH
567193168,markkellytyler
58489479,MotherBethel
221879626,gidonfeen
336124836,AbbyWambach
15935383,FemMajority
2316149767,AnnaCloeter
3353604197,JimObergefell
271026442,vvaldiv
11134252,GOP
15412073,danielrki
2427885031,ChadHGriffin
29007043,vxanand
291211085,chelseakcarrier
3160925944,emily0allen
737196836,abbynicole1123
18881700,mhalle
146160591,Lee_in_Iowa
55749675,DianaBonete
2802124516,HilaArbell
1404836796,TJmyked
1367085690,VeteransforHill
28416309,TrumanProject
7334402,alfranken
19777398,FallonTonight
1463041488,tberry456
13657922,DMRegister
66006660,PolPrairieMama
371047430,Sarahhwang95
2288915072,hazelhexel
3332045051,stephaniesyoon
18382184,AdamParkhomenko
78776348,JessLivMo
1482380382,skirshbaum
95431448,BostonGlobe
324962560,GlobeOpinion
619377190,DaveZuckermanVT
237845487,GeorgeTakei
195829353,brandonspeak
2249666185,AngeliqueRoche
61863728,mintimm
14615871,EPA
1182675871,lisapjackson
636534384,ZPHIBHQ
20188834,hgtv
507354071,ErolYayboke
1289524746,akasorority1908
321748989,nbudzinski
454919764,dstinc1913
113193817,ZetaMu_DST
16129920,maddow
16000856,UFCW
27978179,Bradybuzz
12897402,BrynneCraig
476315898,politicalmiller
35743863,HectorBalderas
35535716,samkelly16
499336680,tonygoldwyn
30274144,hollyrpeete
281138384,iamdeepa
742419929178210304,hardball_chris
44207541,GloZell
26149716,MarleeMatlin
42995067,brianefallon
229219088,_juliannemoore
19362341,mariashriver
33696409,Quora
283499967,claynmiddleton
205864193,hardball
21337440,ChildDefender
23094898,bmercergolden
99886248,TsarRhys
1953051661,msamandarush
550335338,DonnaSoucy
87510313,tammybaldwin
27723907,Diagon_Aly
364016592,amuskygoldwyn
133448051,ussoccer_wnt
23202992,shoemakermike
3278849570,DrewWattsCooper
25017210,AndrewJenks
61734492,Fahrenthold
6519522,RedCross
34300580,roswellencina
3343532685,GovernorOMalley
10685542,DispatchAlerts
70054190,FrankieJGrande
132278386,SenatorBarb
14463848,nokidhungry
15724503,CSX
148807607,AMC_TV
560773965,MDGBmore
18224288,ParksandPeople
15764644,NancyPelosi
99756515,UMUC
39542611,UMBC
873861104,umdwbb
25189696,kimhenry124
159145105,StateStat
27078238,WisDems
453425764,michaeljtate
22669526,RepGwenMoore
1928973356,Burke4WI
216481299,GovMarkDayton
787373558,RepCummings
83332814,mptnews
30313925,WhiteHouse
1264506732,RedOwlytics
3067974778,VanHollenForMD
238321550,helen_maroulis
210864904,BigpapiHT
109025212,JohnDingell
154630457,NewDEALLeaders
2916305152,Snowden
215207998,kurteichenwald
52304376,gardengn0me
15169176,HubbleTelescope
14441010,JohnsHopkins
89256736,ErinatTheSun
64710196,DylanGoldberg
33215859,TatyanaMcFadden
21867341,jmpalmieri
404137465,VeepHBO
56907562,peterhambycnn
15939889,BarbaraBoxer
1252002462,penningtonkm
30663013,timcanova
583377732,4TaxFairness
70837868,CMSGov
24885295,AJCalloway
3246501189,LouisianaBernie
97082147,SophiaBush
44043034,NLRB
4727502803,nbcusa_inc
18847632,U2
2301423577,l4nguyen
2847603597,jesuschuygar
306899604,Mrjackfink
4190606193,CheleGilliam
36743910,CornelWest
26657119,MoveOn
82612184,robertreich
89887215,Yamiche
35018737,eltrueque
618300542,SusanSarandon
21422839,meredithkessler
4840274224,JustinBamberg
262691862,maryaliceparks
2836941830,CBSNLive
450941680,ThisWeekABC
11856892,meetthepress
3368690836,ND4Bernie
3141672447,People4Bernie
39008044,EBONYMag
864834396,PinkyWeitzman
14133964,CommonCause
18852393,kailanikm
45895089,EllisonCampaign
15537302,Taniel
475294870,UniPolitica
19119809,wkamaubell
2260619350,MClyburnFCC
131497030,VanJones68
16157855,edhenry
211258879,IowaStateU
3272297264,ckcovert1
25589776,people
165791468,SSWorks
17466186,tomlobianco
2434051392,SymoneDSanders
22677427,smerconish
1022694126,DREAMerJ_D
740758880188170240,grforsanders
15773724,k_devi
17112878,CNNSotu
14529929,jaketapper
18881102,tomabrahams
424372482,IamNickGonzalez
1172913636,brandonmaheu
16370091,WorkingFamilies
47288005,juanes
18228898,johnlegend
15463486,KThomasDC
17094323,Fox26Houston
880310556,justinlong
289002998,DMschools
608742333,DMRoosevelt
143958468,vampireweekend
15675138,cspan
26792275,ForeignPolicy
14372270,mcbyrne
2910037419,es_snipes
3193944696,Women4Bernie
14855994,davidsirota
25084660,arzE
223684791,PeterWStevenson
297047872,ChiliPeppers
188793260,ninaturner
4718042254,JamieseWBRC
22882864,WBRCnews
3240313357,ALforBernie
123157428,JJfromLA
791077327,samswey
22302678,betsy_klein
15507433,bradplumer
17929529,LucyFlores
89370698,RaniaBatrice
3269623717,Chicago4Bernie
2303751216,FiveThirtyEight
148529707,RBReich
9300262,politico
65664369,RachelSB
40024222,thauserkstp
36366977,chtrust
108993692,steelworkers
338779219,cascamike
1471542956,ebruenig
20225875,i_D
333026230,aabramson
979100442,YoBenCohen
102480261,NBCNewsPR
3401266220,ProgressivGreen
3241931810,Iowa4Bernie
68869693,courtneygodfrey
564111558,bpolitics
30364057,SarahKSilverman
49717874,georgelopez
23680913,kevin_nealon
1332710276,DC_Espinosa
108619944,AARPadvocates
16265742,JamilahLemieux
52774637,shushwalshe
30249306,MarthaRaddatz
25060780,leedanielsent
135623073,standwithraul
52557443,meganspecia
15483390,tamarakeithNPR
26917714,HeatherMatarazz
16341043,aprilburbank
23545095,ChadLivengood
269448653,NYTnickc
420654392,Claressashields
14267944,clevelanddotcom
90642314,VTdems
355865104,NickMarroletti
581448709,Alli_Wilber
19164430,maggiemfox
11856422,NBCNewsHealth
35002876,BloombergTV
415859364,Nike
339822881,McConnellPress
179653548,jmreport
10168082,Heritage
21414576,Thom_Hartmann
75052666,edshow
40260612,bpshow
27147528,HowardU
31126587,Patriots
19425947,SuperBowl
49697450,EconomicPolicy
571269105,ArmitageJim
16973333,Independent
104567779,77WABCradio
91379999,JrzyJoePiscopo
42389136,TheRevAl
76280043,vanessasadsad
373373336,NOAAResearch
234826866,CFPB
114881944,gzornick
15012486,CBSNews
18776942,bobschieffer
4207961,chrislhayes
22799750,ChrisCuomo
172470598,SenateBudget
18191927,IBEW
17074440,GStephanopoulos
14266598,350
1262736474,GoodJobsNation
474974313,bridgetbhc
89820928,mitchellreports
720304525333008384,senate_gops
15207668,HouseGOP
145837792,northwestbronx
43383705,springsteen
15365623,benjamin_oc
44195699,VermontPBS
104299103,TraceeEllisRoss
24190981,TeenVogue
44615672,USTradeRep
246088673,USProgressives
48177456,ProgCongress
17539497,uscapitol
6577642,usnews
1470424482,g_keillor
402171311,scaKS
64696263,NPAction
2741227697,TownleyH
21941243,ajvalde
15996765,LEFsAdventures
2347049341,voxdotcom
53853197,CP3
753623149929869312,OurRevolution
80366372,RevJJackson
347605657,GibsonForSenate
123653013,MonmouthDems
159124223,NJDSC
3065862285,HillaryforNJ
31239408,Beyonce
181572333,chancetherapper
17915334,BigSean
19028953,JColeNC
35773039,TheAtlantic
15754281,USATODAY
9532402,BuzzFeedBen
256159524,_under_current
1855821877,TheActionNet
108617810,DanaBashCNN
733032459357523972,literally_trump
970563998,RNicholasBurns
65698096,splcenter
17006157,paulkrugman
23621827,DavidNakamura
46213956,JamilSmith
604940737,HeerJeet
3253125358,OurPoliticalRev
32995184,lucia_graves
12699932,SunSentinel
301749167,azcopinions
55355654,thinkprogress
1650623953,CMichaelHuntley
27725638,clionamccarney
221228044,XochitlHinojosa
2389510460,VNewsUV
171149542,emilyanncain
18697888,rubycramer
94422249,despiertamerica
40924038,Univision
14275426,janekleeb
388948415,Evan_Burger
21879831,ZerlinaMaxwell
18028893,JesseRodriguez
2467791,washingtonpost
309354920,WPJohnWagner
14335435,NCGOP
14677919,NewYorker
712721635401449472,Peter_J_K
15854702,UAW
161329769,USACEHQ
76348185,Interior
2400284491,RevDrBarber
21146733,NationalNurses
15224867,andersoncooper
224652707,LynnPinB
1017637447,MomsDemand
3061981559,HillaryforMI
71569841,JoshSchwerin
23018888,nikkitalley
16492009,coolmompicks
23281108,marceelias
106160229,LaurenWeberHP
15433452,JenniferJJacobs
8953122,PolitiFact
14221917,phillydotcom
43373768,rhettbuttle
4917423588,PatrickLeahy
1378000346,BrownforMD
325830217,VP
35094637,aliciakeys
823738296,EricaSmegs
1954810116,IGNITE_National
352548417,PaulBegala
16955991,Salon
42562446,StephenCurry30
82689705,NewRepublic
549579841,jamie_raskin
20100423,mddems
54885400,USNavy
3269091415,HillaryforFL
4214805732,sdutIdeas
1178011,WellsFargo
25580902,unevadareno
34012907,Ted_Strickland
7392352,OHDems
150135224,ErikaAndiola
23497233,Sia
18792765,NickGass
114782468,carlquintanilla
12794062,bfp_news
15878218,JeremyShorr
151998296,MoodysInvSvc
42889581,Wellesley
90309830,EveryVoice
18137749,ChrisVanHollen
133947893,jimtankersley
14345062,postpolitics
50715793,USNewsOpinion
1344951,WIRED
18766459,Toure
14780915,RollingStone
4127964193,BryanCaforio
328679423,TammyforIL
18943852,MarkKirk
3586493593,yeson62
15727697,Jorge_Silva
454099919,McFaul
14957147,TheYoungTurks
741150194,CUBoulder
3051544224,HillaryforNE
24532904,BradAshford16
18510860,MotherJones
390967705,ProgressIowa
1733553463,willafrej
183272208,LyndonVSC
36535215,dccollegedems
28101965,GWtweets
32433037,AmericanU
14495726,PhillyInquirer
187838951,asmamk
26053643,jimmykimmel
54218903,Vegalteno
15985455,GovPenceIN
179052564,readbrooks
23005470,mpshapiro
17466132,AJentleson
17350250,jessetyler
25562002,ReutersPolitics
18846918,OhioState
19611483,usairforce
113439399,smrtgrls
196296745,PhillyTrib
403494577,DNCLatinos
2361650234,DebDingell
21156659,iowademocrats
19333427,jastengco
966635792,5
48802204,HardballChris
15050354,DeseretNews
25110374,UncleRUSH
16879321,AIDSHealthcare
4832228473,YesonProp61
56120584,denveropinion
29201047,SenJeffMerkley
271962241,jimmowrer
15693493,funnyordie
13918492,fox5dc
135575282,morningmoneyben
3099613624,salmahayek
319634497,PittDems
194028104,ECUCD
179111246,EastCarolina
1864673420,sspiderboy
15369276,sltrib
12055942,LasVegasSun
8216772,denverpost
413671586,jbrotherston
198183522,YoungDems_AGH
494612269,zhaabowekwe
17220423,KOB4
741696985,simone_manuel
14190948,jbouie
4353841283,Millennials4Her
21492467,vprnet
14411304,sacbee_news
16795212,NCDemParty
24906110,wjawando
1468492712,smhershkowitz
502281810,OfficialJLD
18646108,BretBaier
1525339746,_bxddxss
14747825,MichiganDems
62606201,DaveedDiggs
177019825,_VicenteFdez
210833051,BuffyWicks
743911275139334144,AdoptADelegate
317649390,samifayebaker
75274615,wigazette
424300606,Bri_Rollin
57832798,ItsPooda
261461590,KristiHollywood
151050040,meredeetch
2695663285,SecretaryCastro
213291472,ChrisKofinis
426802833,AP_Politics
13524182,daveweigel
500436115,jasoncollins98
1712960918,RoyCooperNC
4884965834,HillaryforUT
583486767,DaveForIowa
320810188,Senator_Hatch
17348525,StarTribune
4735385897,Tim_Canova
14317810,brosandprose
217550862,BresPolitico
110827653,EvaLongoria
13058772,LinkedIn
27027979,MilitaryTimes
44991932,GrandTetonNPS
1286312880,allinwithchris
2575941744,PolicyMic
19824430,CollegeDems
582897918,AnastasiaSomoza
116341480,RosieGray
46817943,brikeilarcnn
2813605170,sidewireinc
17143313,jasoncherkis
37812294,MercersDairy
716790957262376960,iammarleydias
31122496,NCAA
17652635,GrinnellCollege
45395795,MonicaVernon
245424983,rweingarten
15728196,LizRomanoff
83795099,NATO
8940342,HoustonChron
23450558,PADems
9109712,PeaceCorps
394741838,RichardTrumka
5988062,TheEconomist
15813069,maxlinsky
52484614,tumblr
23022687,tedcruz
409486555,MichelleObama
16326882,AdamSerwer
1051396218,Evan_McMullin
754713786100178944,YoungPwD4HRC
124490608,MariaTCardona
263936580,CNBCopinion
1859861863,AndreaJung9
755317595356528640,13THFilm
16935292,democracynow
3052911538,HillaryForGA
21407083,CharityNav
7563792,ussoccer
14592411,cbsaustin
371222723,da_wessel
8756502,roanoketimes
14527393,Daily_Press
17494010,SenSchumer
293131808,PattyMurray
247334603,SenatorDurbin
226222147,PeteButtigieg
6507762,NotreDame
3623159421,MetroLabNetwork
19386622,iaeaorg
1481163186,HokiePedro
114359122,UVAMensTennis
65044189,NARALVirginia
18812572,60Minutes
708072909114318848,SCOTUSnom
8775672,USArmy
7004382,edworkforcedems
1170792577,The19thStBand
16571541,cafemom
7429102,MarkWarner
20437286,usedgov
3260518932,TwitterMoments
68219213,texasdemocrats
2439032786,jes_chastain
18061386,VAStateParks
11612722,heraldleader
1380319418,AbbeyCompton
52593821,USSHARRYSTRUMAN
2207588833,ShaunOMB
1736601720,OPMDirector
51452908,CarolDWoodward
550645557,h2osusie
123143642,britbailey
19719380,AAUW
73238146,SenateDems
16967845,nwlc
16562479,heraldcourier
188369254,VDHgov
17906632,WTOP
45854335,ShenandoahNPS
330289738,WSVA550
1472173832,Reagan_Airport
143306758,Dulles_Airport
44907596,VirginiaWestern
16245822,NSF
19726613,SenatorCollins
1061029050,SenatorHeitkamp
976542720,MayorBowser
31122582,OversightDems
109590380,LoudounSheriff
103018203,girlscouts
21308157,NatUrbanLeague
60685572,OAS_official
754312458,VoterRegDay
217543151,SenatorTimScott
2524139632,lizchar
30258963,NASA_Wallops
376788500,DDayMemorial
14857413,WDBJ7
146569971,CDCgov
18938912,wmata
30846745,philosophykat
570179783,NeffGould
24189067,ScrippsBee
15007149,JohnKerry
57098844,WMLawSchool
17841862,VALW
15909372,BlueStarFamily
575671888,FauquierDotCom
272019676,CSIS
1900780777,CFTNI
75364211,SenPatRoberts
55560612,DCCPR
2599923739,CyberCSIS
1375289149,NewDay
60627728,JimMiklaszewski
449588356,Kasparov63
2865560724,GovernorPataki
17491498,kathleenparker
86129724,costareports
359983856,IECChesapeake
15324851,ChrisCoons
16424044,EdWorkforce
109071031,SenatorCardin
2970279386,ValleyWDB
214067094,VMInews
19078113,germannacc
20245775,nprscottsimon
3601694848,NOVA_Prez
16825086,NovaAccess
140964213,All4Ed
180815351,DEAHQ
227342532,VT_Football
19426551,NFL
2846711961,CAPgunsandcrime
189321763,ThousandDays
29675916,alikrieger
300270852,lucymsullivan
169963553,wto
44104395,ArmyWarCollege
339679000,JoAnn_Jenkins
14532122,BudgetTravel
845753126,DogTagBakery
18078652,RestonChamber
104198706,GovernorVA
171968009,SenFranken
225921757,SenatorLankford
22642788,pewresearch
26424123,RepMcCaul
177707651,lawrence_wright
24948728,adamtlewis
151148315,RichmondNPS
18144581,NoradNorthcom
1129443330,aircraftcarrier
1589505192,julianalpearson
814220089,StevenChabinsky
110541296,CommerceGov
15134240,NIH
2232190616,smashingwalnuts
4803982438,HikeMoreVA
36631245,dsoderstrom
320938231,ManassasNPS
295978189,IGMaklielski
27086783,Op_Homefront
4662969794,arneduncan
16675107,OIA
2863488598,HamiltonMusical
2590097486,SCActionNetwork
14055301,SavetheChildren
189169454,sarahkarlene
260396714,NatlHeadStart
250556430,NewsChannel8
369697377,HeadStartgov
21121491,alzassociation
1227832782,NatlBlueRibbon
25159286,CENTCOM
32004130,JoyVBehar
14835160,fcnp
10069612,AFLCIO
1071402577,SenatorFischer
28127095,NOVAChamber
1068481578,SenAngusKing
20685982,boyscouts
163481845,RoyalRangersUSA
571202103,Medium
54982829,vaELECT
342386957,neurolosophy
4439167096,WNEW
235217558,SenCoryGardner
266133081,SenDeanHeller
2281639270,IAFF4145
125323502,MotonMuseum
222666657,EximBankUS
741843323019657216,pilotnews
634710797,UVAMensHoops
161321962,TCCva
161791703,repbobbyscott
171598736,SenBobCasey
1543286858,Hampton_MBB
188001904,FAFSA
193794406,SenCapito
292972175,GOPHELP
100530267,1140WRVA
55003292,NewsRadioWINA
150078976,ChrisMurphyCT
30231097,USOPM
3281853858,TheIranDeal
223926083,CivilWarwp
25512685,civilwartrust
47954642,PressClubDC
3876019454,NNPA_BlackPress
62625014,NAHPinc
607320112,MyBlueRidgeBank
14625398,USCIS
92186819,maziehirono
21193261,aimeemann
5796972,pandora_radio
98933149,NewCollegeInst
449850814,jfradioshow
15754107,WHRO
12413892,13NewsNow
34036028,JimmyKimmelLive
78445977,GerryConnolly
44369634,aiaa
13049362,ComplexMag
1288720675,TimBialecki
22139417,DAVHQ
77019845,NSCsafety
247416314,HIIndustries
15513604,foxandfriends
565521611,ATLBlackStar
20463418,genprogress
15766384,vbschools
2828584831,LynnhavenMiddle
263879706,DoloresHuerta
109431937,mollymotoole
18159470,macklemore
33584619,GeoCMarshallFou
102455692,ArlingtonNatl
24789549,ThrillistDC
28603812,Royals
61070450,ramusaorg
14848513,airandspace
15662133,OrbitalATK
16426694,actecareertech
15894074,NASSP
1389798692,CTEWorks
424500233,MGForumSTW
2314691984,LGRalphNortham
124550405,SkillsCoalition
73206956,chefjoseandres
156653779,WCKitchen
71023061,CollegeGameDay
208120290,US_FDA
23764675,RTDNEWS
104278304,vaemploy
3433090786,ResnickTeaches
65225592,emilywhitworth
32007916,AirNatlGuard
339059582,VAUnion1865
96828123,The_Honda
242836537,SenatorLeahy
19037859,Kennedy_School
248495200,sethmoulton
16056306,JeffFlake
2193259544,AGMarkHerring
57656702,News8NewsTalk
149954544,MorningConsult
2359937696,SenateAging
200163448,TheAcademy
28585586,BGCA_Clubs
22084427,robdelaney
195783230,PilotOpinion
155987003,NEHgov
63462396,UVAWSoccer
2180634157,TribeWSoccer
245483161,VT_WSoccer
479555633,RadfordMSOC
50316406,UVAMenSoccer
223970563,TeamCavuto
1367531,FoxNews
545098583,ABC7GMW
111553960,UCI_cycling
228424256,richmond2015
189176466,WestRock
22700953,VCURamNation
278135980,JMUWBasketball
2646288187,VASecofEdu
1548489476,POLITICOMag
34611659,MissionOfMercy
423631401,IgnatiusPost
15174710,MomsRising
12133382,PBS
4806924201,mercystreetpbs
11614472,VAFilmOffice
2411267725,FirstLadyVA
58244743,JuanOrlandoH
293037251,AuroraFlightSci
54645160,DARPA
174793500,IAFFNewsDesk
846096026,DanielsRunES
34774807,Carole_King
17473443,pcorpsconnect
44988185,NAACP
250386727,Everytown
267311103,lynchburggov
65647594,StationCDRKelly
3039778698,IranDeal
234837632,RepRobertHurt
1615463502,AmbassadorPower
131690763,dbbrewingco
66369181,DeptofDefense
18317901,boblazaro
166656678,AstyraCorp
17469492,CFR_org
18950931,JujuChangABC
18915145,senrobportman
1074518754,SenatorBaldwin
78403308,SenatorIsakson
221793778,RepScottRigell
1410590874,PeterWelch
2328891289,MPCSVA
59184319,USFWSNortheast
2329161767,HerndonHS
33982105,fcpsnews
278093318,HuffPostLive
2330816016,CTEMedia
112300446,realwizkaliaa
40297689,GeorgeMasonU
4067924255,fox5newsdc
15998113,JMU
15356407,RobWittman
40336162,VIMS_News
14897840,ABC7News
18455549,NSCAA
1910771,UVA
987039673,OldDominionUniv
17416707,virginia_tech
36683668,USAID
9624742,StateDept
15137706,wmalnews
260894276,CNNEPrensa
214206926,CNNDUSA
45573874,AFTunion
279319647,gabrielledoug
14848798,kojoshow
14425965,wamu885
39384517,ICEgov
52210008,VirginiaPTA
18194898,NASA_Langley
16255892,newsadvance
2962868158,RepDonBeyer
248900032,MagicJohnson
464261753,TheVaPFF
21907792,VSPPIO
13784532,NPRWeekend
44783853,HHSGov
16503916,CapitolPolice
1451773004,Space_Station
83668232,JesseFFerguson
39580052,SocialSecurity
35972566,JMUSports
22797378,AHIPCoverage
2964351843,RepBradAshford
135935117,irlfunds
492293655,agreilingkeane
36696370,David_Kerley
217454583,yochidreazen
205299497,MarkHerringVA
557798001,WTWoodsonHS
3907577966,FactsOnClimate
2459371,Skype
5392522,NPR
15603311,USGLC
18726666,JohnDeere
14275261,macfound
2766634470,KlugeCtr
18678924,jmartNYT
47035609,AshWagner2010
35798828,USFigureSkating
2244272130,VaScienceFest
1262099252,SenBrianSchatz
15768704,williamandmary
22019324,longwoodu
14159148,UN
275171078,TimBurnIAFF
83879364,KissRichmond
267399199,generalelectric
44588224,StatoilASA
51972487,WDBJ
19948202,HUDgov
272109567,Vaughanbassett
2440684224,JackandJillInc
156714051,VCU
20410133,richiepope
20536157,google
61463468,theMBL
2856787757,SenJoniErnst
3047717838,RobertsMSNBC
156275320,NoticiasDC
1393155566,ErnestMoniz
120176950,USTreasury
1968846060,calabresim
96855931,patrickgmfox5dc
10126672,USMC
15518506,Wolf_Trap
18991979,NewsInTheBurg
266165713,jennasjems
2840712124,ItsOnUs
29471556,DanMalloyCT
176279329,Sweetbriaredu
44039298,sethmeyers
146138129,ALZ_GRVA
193684933,PvilleGazette
41406567,NLIHC
16128601,wsls
15840909,northropgrumman
51241574,AP
113112428,addietime
2243919206,WilliamsburgAdm
23824246,actfl
48073513,politigamer
2458567464,SecBurwell
11348282,NASA
202416362,marchmadness
31947242,KUnews
75098975,XavierUniv
2350369472,TheJackspotVA
3121091973,wwwicegov
609280501,SalemVA
29252906,AT_Conservancy
455024343,Surgeon_General
549565800,MLWGS
61853389,USDA
14260960,JustinTrudeau
317341166,CanEmbUSA
330413963,InternationalWM
56696814,AidData
2902776597,VACoastalPolicy
570232108,Nature_DCMDVA
3070239917,nature_wonks
15391102,wusa9
15812461,VDEM
376412378,HFXforum
19394188,SenJohnMcCain
271412809,VAChamber
275149069,USIndianAffairs
95458088,The_Dialogue
60610799,lorimontenegro
152142811,TelemundoNews
382129509,TheWilsonCenter
409719505,MarkWarnerVA
234516880,AFTteach
2425497226,NBarzani
597245700,masoud_barzani
34367827,M_Figueroa06
16509580,WMALDC
84155547,USAndMumbai
2293415520,theNASciences
172742915,UVABaseball
21768766,jonathanweisman
769592048,TCWTitans
67562950,AIBA_Boxing
148800461,bgclubcva
3221558490,warriorgames
213688463,LCPSOfficial
61762853,FTA_DOT
17171111,amprog
32141328,RandolphMacon
20150502,MorningEdition
3331875599,NBCOUT
46131997,Martin_Dempsey
576862630,RAMmovie
119074030,PortofVirginia
1267940407,SenKaineOffice
14855740,RTeditorial
55226784,NAVSTA_Rota
1561513992,JamesCostos
2543797531,A_Galooz
208061293,PolitiFactVA
90410664,GSCCC
65069927,Chamber757
229592356,KellyAyotte
731237269,933WFLS
2612353830,BristolProud
49676366,VolvoGroupNA
76649729,SenAlexander
18025557,drgridlock
52461655,LTMnews
15441380,WMNews
202206694,SenJohnBarrasso
16573859,chesapeakebay
196725788,gwNURSING
43135747,marionvirginia
237418907,RepWOLFPress
47412499,Jim_Moran
15518965,usahockey
7713202,SpeakerBoehner
156262389,PositiveVibeRVA
17373329,arenastage
2332466047,TechShopDC
119166791,Amtrak
117821354,SECNAV
1069221390,MSchmidtRTD
19674502,AmbassadorRice
67210156,AndyjudxUSA
60828944,SenatorTomUdall
19028248,DavidVitter
141764600,MichelleNunnGA
234374703,Sen_JoeManchin
21982720,ariannahuff
4504383022,1070WINA
62640737,AFOSR
15635684,urichmond
18218330,Coro_Pittsburgh
6708952,SteveCase
185349940,imolinarescnn
33884545,CNNEE
473004800,COMMUNITYCLO
212361373,ACT
408740451,VCUSocHealth
17837184,RWJF
110190547,vtncr
2254222754,VTSandsman
17787705,GoParks
2211888206,rmcpsci
888988093,DickensonVA
20072348,vcusoe
2612307559,robportman
21307076,SusanPage
2435938374,CapitalDownload
44034613,HRSAgov
540141486,CatoEvents
16278340,GeneHealy
2964689987,FCPSHayfieldSS
385438570,McConnellWTOP
515942271,DaveRess1
15113565,USCG
393562221,USDOT
277539794,washingtonexec
360670199,SulemaWZDC
111390601,WZDCTelemundo
17064390,norfolkdistrict
360792863,LouisaCountyVA
2280057948,team5338
287346343,AshburnRobotics
47701908,colonialwmsburg
377458389,ODUMBB
54941379,ProgressIndex
15450996,CatoInstitute
33764296,news5wcyb
58597239,LibertyWBB
2698715677,Selecta1050
101760634,NMCP1
19079396,CharlieRoseShow
2206281092,dwightjonesrva
303895492,BCPS_tweets
22650398,VFWHQ
110213431,jorgeramosnews
3369617781,GeorgeWillF
45669384,MountVernon
78408666,DeptVetAffairs
55250508,thebplibrary
54908916,VSUTrojans
86373964,eltiempolatino
976857223,MaryLeeShark
14363353,travelchannel
54294321,ccpsinfo
2717913782,SouthCountyMS
86697288,HealthCareGov
242555999,SenWhitehouse
2853601181,GenDunford
14437914,NewsHour
39525027,pbsnewshour
86150666,techshop
19786361,WCNRTheCorner
16160352,clairecmc
515868922,hereandnowrobin
94391895,hereandnow
15647676,DHSgov
293121508,Gottemoeller
235216696,nbcaaron
14980820,nbcwashington
44187112,SoCoStallions
1176994477,TheLeadCNN
525264466,Pontifex_es
16566310,CarilionClinic
198925961,VASchoolBoards
40955475,VaNationalGuard
377439884,VAMentoring
260883377,dnchodak
136975920,AFW2
209353107,JackGravelyShow
105180609,WLEE990
408872391,MassRegLibrary
17717287,US_EUCOM
2461821548,ReachHigher
3069122400,VA_Immigrants
2598046190,StrasburgHS
2191012855,ShenCoVASchools
2560169238,RepDaveBrat
2785991501,ATLRaiderNation
284944250,FIFAWWC
161793530,FM99WNOR
392046488,Howeja19
15160884,Randy_Forbes
13719342,CBS6
17233461,shakespearectr
41655821,NEAarts
1591744874,BrianWillPower
19188674,MaryBaldwinColl
276006891,KimberlyAdams
26572460,AFSpace
2863210809,sendavidperdue
298670396,AshleySkis
28652197,USParalympics
25383148,ODUnow
85403665,GoSquirrels
23607759,FTCTeams
567562934,SteaknShake
17134268,CBSThisMorning
2281450085,GravelyJack
486694111,SenJackReed
2174601218,LaCocinaVA
17629860,FBI
248735463,RepBarbaraLee
397033728,Bruin_Nation
392462722,IrvingMiddle
19677871,radfordu
329761746,IndianCommittee
16637204,WEWS
2911284075,shiftmsnbc
462070383,demetriofloress
16259594,WAVY_News
34274380,USGAO
2596515642,RTDOpinions
33898911,Habitat_org
17601606,vpapupdates
121540651,AlPunto
7996082,el_pais
16016705,fairfaxcounty
56583257,JoseDavidName
22971371,MatthewBDavey
618702630,AbsolutelyDc
15381626,holaciudad
461697741,ChrisLu44
20179628,USDOL
18956303,InovaHealth
1912432406,JohnWalsh
2460006704,CulturayArtesHn
2596919846,HNnotas1
13218102,JohnCornyn
281588648,firstfiveyears
37920978,RepGoodlatte
51520631,EspuelasVox
21927612,JDRF
275572403,SASCMajority
2805928220,WHAging
27720205,chickencouncil
276938734,trulldc
2341936204,OneLessUVA
519818027,LetsTalkLiveDC
512613427,DangeRussWilson
23642374,Seahawks
36144464,EqualityVA
73303753,SenBobCorker
132912555,SummitAmericas
161023696,NTSB
239150438,TheLightWellckt
262800581,lourdesmeluza
35785401,UniNoticias
108080788,stevechenevey
308573576,PennyPritzker
977877763,rvadonuts
20793816,amazon
1543922154,RamsForMemory
26034081,cisnational
15442036,SenatorBoxer
101484554,NysmithSchool
2870947571,worldcupdad
48472022,nvfs
1729955870,hermionevoyage
292256260,JesuitasESP
26060210,ASCOA
43950728,MAAlcala
108391305,HK_Schwartz
2372271992,VCUBaseball
15439190,brianandmari
347981975,feyalegriahn
14584360,RobKrupicka
1566150306,LMU_CVM
182906384,PetersburgNPS
15460572,ONDCP
2382297056,Botticelli44
19682187,JulianCastro
19471123,TerryMcAuliffe
2746932876,JimWebbUSA
18794402,abuddy
17599655,USGBC
208387688,WTTGMORNINGNEWS
296367503,Fox5DCAllison
18577789,DebraAlfarone
38675891,Duke_MBB
250256967,mikemosswtop
30843880,JoanJWTOP
38516217,NPCA
117134762,ffxfirerescue
253145238,alexvachamber
48144950,JudyWoodruff
2845385128,OrbitalSciences
2734713482,NASANewHorizons
17061263,netanyahu
1246367598,DuPont_NAOps
37666984,nikkihaley
110445334,megynkelly
18814998,fhollande
87424685,tvmp1015
42663011,k12albemarle
316511921,moeebrian
272604633,beckysauerbrunn
330900742,WoodbridgeHS
986755285,WarhillHigh
101621104,CabreraAngel
18216108,VandyBaseball
300969036,fredhochberg
21157904,SenatorBurr
19349569,arenda
318194404,SummerIR
57271025,IHEID
34743251,SpaceX
1611447702,TMAndrews2006
21085472,RumbleFM99
2560994359,CNNDirectoUSA
113120733,jclopezcnn
22947474,WashInstitute
166252256,ENERGY
82653001,DomVAPower
2518793269,PostEverything
14056817,evanwolfson
1013269734,PaulHodges10
23600262,EleanorNorton
61511419,emoryandhenry
2296835666,ParkwayBrewing
77212534,papergirlmacy
57402462,wythevillecc
386507775,USPS
18456975,WVVA
1078346989,CathyLewisTalks
294121186,MichelleSLerner
43572699,bluevirginia
21313053,LarrySabato
529455758,VisitHenrico
788982234,PMaurerICRC
85289376,ICRC
52861612,Indians
2339034433,kmurphyva
1320837937,HollinMeadowsES
93694952,usmint
2833477431,masonpolicy
252766425,Paradox13VA
175384910,mikehydeck
15745368,marcorubio
142757605,amyebridge
29525577,JBLEnews
44063366,MatSheltonEide
39419180,Nationals
2370364454,TuxedoPandas
18479513,MLB
185579238,pedrobiaggishow
225672015,chincochamber
153149305,SBAgov
21672310,MartinsvilleSwy
20600214,NationalGuard
93761782,SenCarlLevin
11771512,OKnox
189258194,SIRIUSXM
232193350,rajshah
334079075,Isikoff
42500897,salemredsox
1418226576,SenateYouth
4571362767,rosaliedech
28177507,DardenMBA
49668976,BRMacJR
117820895,VetArtistProg
50393960,BillGates
32154012,GatesScholars
1342861723,SecretaryJewell
18891923,EricCantor
493232867,RIRprez
26311983,RIRInsider
107514329,FaithNPolitics
20609518,DalaiLama
47814419,MiddleEastInst
2638311130,JoanJ
189236340,DianeNBC12
1433356862,DefenseOne
15212187,bennyjohnson
18713552,NRDC
1278963042,usspaincouncil
161086838,AIFoundation
932303468,NishaBiswal
44515632,folksoulrevival
36087657,BristolRhythm
76122284,stefanyshaheen
2326443542,VCETatMasonUniv
552926859,JeffDavisDE
19863977,SenatorWarner
41533816,USAndIndia
605636406,GeorgetownSPHS
18693867,VCUnews
3111693793,wwpinc
2803700838,NoVARegion
25113157,VaFilmFest
2341601635,cvillejournal
2319503065,DonBeyerVA
121517978,AllianceExchnge
58468390,cityofdanville
132254964,alana_austin
22789766,NEAToday
150762830,FairfaxTimes
20595712,heraldprogress
57523241,mmiklaucic
1685775764,LakeAnneEs
158835667,GotGovt
13251802,hendron
2423747006,poroshenko
1251829459,WVTFRADIOIQ
15522884,railstotrails
285222374,SenadorReid
18695134,SenatorMenendez
476412750,toddbstone
57038125,henry_mike
168608759,usaid_india
21918310,npratc
2876830624,dailyrundown
1230532404,grantierk
1737197084,NOVA_Stem
18910666,VEXRobotics
288785542,MattTalhelm
333160768,TrevorBaratko
415989053,OmegaProtein
64184612,OperationFree
980582593,solarfound
1283027904,swvamrc
249787913,SenatorCarper
64729812,RTDSchapiro
20178284,jonbaliles
15009049,NBC29
151242655,nealgoswami
1064206014,TulsiPress
2548847006,VaSecofHealth
785292222,BrianMoranVA
45960001,CollegiateTimes
515822213,SenatorTester
454313925,NWS
413394741,corehealthfit
481212725,ChadNWright
22465250,_jeffguo
279692503,RMCyoungdems
266122251,Roanokepreneurs
30972784,friendsbrp
179103978,AlexApple_
17803519,ChesterfieldVa
52554306,Jeopardy
2575018975,klvanhorne
7270292,jiminhofe
164412502,gwenifill
15247163,GoDanRiver
372461640,LCPSchools
46096529,EricBoyle
1003857624,GOceanC
43963249,HouseDemocrats
237792775,peopleincorp
102263325,BreaksPark
331193355,VVAmerica
625885435,MECCVa
198686176,jeremyhobson
2964174789,SenThomTillis
2426217830,Malinowski
37927548,DanvilleBraves
290061912,AlMonitor
233696188,SenateAgDems
2371024465,YALINetwork
1099199839,MartinHeinrich
34011331,AlbemarleCounty
20522862,JohnBerman
20109439,KateBolduan
303708410,dlaje
305677313,AtBennington
16418951,mathewbrooks
1392342030,NorfolkPD
298137288,McCartneyWP
116550147,MexicoInstitute
15987296,AIPAC
266644627,Fort_APHill
379217847,MACCPAC
145094331,RepCP
2826549550,MVULearning
620298978,FixtheDebt
15726324,ElNuevoDia
243673632,AARPVa
1603603346,AARPVaSD
30103085,urbanfarmhouse
2563779648,USMensSoccer
44673415,AUSNTweets
987054780,APSVirginia
97190495,WHAAsstSecty
61636488,DevalPatrick
27249924,jfamiliar
262872637,MoisesNaim
22061951,DiscoveryComm
1613465604,CISSWVA
111037335,bostonmarathon
17517400,lewisginter
236455895,Health_Warrior
16888571,NATCA
323429680,Rachel__Leah
17389704,10Best
163463665,CvilleVAChamber
2371678704,vamilitary
474232856,AP_Planner
234057152,RepMGriffith
14269768,350action
26607712,MattLaslo
202239522,NAPOpolice
133022865,BlueAlertUs
26315762,MOMsOrganicMrkt
63491769,USACcollegiate
108376246,LorettaSanchez
1563980180,CIIWG
83766632,RROysters
32078497,hiltzikm
2326141039,ParkdaleRobotic
216250148,VirginiaFIRST
182392921,SiegelCenter
191490600,Heartwood_SWVA
1481005656,bigpapi1958
1452331843,BVPSDistrict
4264717995,nsuspartanz
390222518,Zazzy_Z
26566469,TheWorldPost
63698829,AtlanticLive
65422299,HamiltonGlass
18170310,OrrinHatch
19543821,WGANNews
2611895143,ABABankingNews
791841133,GetFitDanRiver
21305239,Miller_Center
573918122,qz
35006336,Reds
1855584931,TurnAMC
32257644,frc1086
891532531,DoleFoundation
310401451,NatWICAssoc
11695602,OxfamAmerica
22642829,CNNJustin
16480563,renaemerle
231854033,GovPeterShumlin
475152729,vtrighttoknow
66369206,FCC
2743157366,erin_vt
429227921,cenkuygur
19918005,_MealsOnWheels
70954860,VBSRpolicy
102594136,oneunderscore__
26283307,davidshepardson
16550474,CharterCom
127975950,TWC
15110357,ReutersBiz
65946380,climatebrad
208163898,stavernise
169838348,dirtybirderic
113102632,VTEducation
1704928634,RaiseUpfor15
16312001,DrugPolicyOrg
16721621,EnvAm
15446531,mattyglesias
36741457,daisyhernandez
85892107,NCPSSM
19297158,aimeepicchi
312653402,MartinShkreli
26946348,WuTangClan
26103768,alliegrasgreen
250188760,RonWyden
17793878,Earthjustice
388250702,HaroldMeyerson
29330030,BigBoi
14434063,nytpolitics
563934127,laura_ungar
268476335,greenhousenyt
182471278,DaniDougPost
3047671993,BonnieNorthGP
78361556,EcoWatch
16311797,WSJPolitics
1767741,NYTNational
315315368,MaxEhrenfreund
101896529,HuffPostCollege
28113052,bfouhy
36890646,danmericaCNN
166219963,jamieson
135622281,nprcinc
31465599,gallennpr
148474439,Reinlwapo
76133715,mmcauliff
16248719,joewalkerWSJ
355671913,gerrymullany
15447123,AriRabinHavt
53176629,Teamsters
3122099613,DonaldNorcross
1206227149,repmarkpocan
4830062114,TheAtlanticPOL
21258337,TheView
23112236,OnPointRadio
39502238,FacesOfAO
55790584,AliceOllstein
16459325,ryanbeckwith
191049947,Sam_Frizell
26587516,WVNYWFFF
132201224,RepJimMcDermott
2996801,WBUR
807253855,SenateSAA
15563814,Loftus
24594836,BenjaminBell
42809339,brycecovert
1074480192,SenTedCruz
48035012,chicoharlan
738709709608353792,micnews
11178902,nybooks
58912100,susanberfield
33235771,MiaFarrow
548807864,jsyche
1531265618,USCBO
158414847,TheDailyShow
1774391,nytimestravel
9710612,jegner
29447794,uvmvermont
18812301,katiecouric
1963312058,JosephEStiglitz
3015101849,YahooPolitics
15780280,sam_baker
277124730,EnergyDems
23791417,TheArcUS
152958374,Karl_Ritter
76967543,rooseveltinst
115710058,NPRinskeep
16206682,LGamGam
17423992,suzyji
58550415,charlierose
453319164,EJDionne
47968639,NSBAComm
34113439,sierraclub
14606079,ProPublica
330797853,JustinWorland
58503762,civilrightsorg
26350255,LeslieMarshall
55896443,lbarronlopez
379218962,TobarWriter
726088145180217345,ThisIsFusion
2340948996,DonNorcross4NJ
466519303,NicholsUprising
184136149,MarkHalperin
14251225,jheil
378180952,HOPE_ProjectDC
2990466329,YahooTopNews
26585095,nbc
452521774,_cingraham
27671483,HelenaBengtsson
20778387,bittman
14856348,drshow
20776190,olgakhazan
15990207,AJVicens
25491788,RobertsDan
17201402,jcarrsmyth
59159771,KatrinaNation
393125631,PeterGosselin
95506425,BGOV
15682644,AlanaSemuels
370113964,sangerkatz
131144285,UChicago
334153057,Grassroots_News
13786802,StoryCorps
28657802,climateprogress
21265120,KillerMike
188841757,marialaganga
20071932,LULAC
14850576,bydarrylfears
5360012,greenpeaceusa
134915139,gillianbwhite
383927701,billy_gendell
364423298,PoliticsNation
148116121,scottbix
573842268,RoseAnnDeMoro
3418932352,EricKingsonNY
10228272,YouTube
729177876,DSenFloor
480872337,Marcy_Kaptur
23501907,NALEO
459483899,Chris_arnade
719972682322853888,the_intercept
131500972,HuffPostBlog
581141508,RepMarcyKaptur
331196602,RickNolanMN
610320045,DavidFBowen
205011763,paulheintz
3910332857,seven_days
533061461,LaurenBlanch12
56727214,JackNECN
20097362,nbcbayarea
64768094,RosenbergTennis
26763420,Neilyoung
148397910,clairesandberg
128608886,PykeA
41416662,LaOpinionLA
50028004,lacoliseum
16259251,RevoltTV
9648652,FOXLA
121597316,sfchronicle
524487620,reddit_AMA
223166587,JeffMerkley
5741722,nprpolitics
4265721,LeonKrauze
33774289,ZeeshanAleem
140010098,JaneKim
17050431,julito77
4377108801,SECARMY
373490841,AP_Noticias
222953824,gov
8370082,DemConvention
811377,reddit
16153562,amnesty
432766911,USATWashington
217550103,ngaudiano
262543492,iammrvandy
8854622,wvgazettemail
137913999,MichaelAdams317
43638469,BenJealous
14630443,CREDOMobile
32309662,mrdannyglover
254218516,SpikeLee
110457825,citizenstrade
3195763956,Latinos4Bernie
99402071,kendrick38
2875485611,nightlyshow
714983427242479620,pramilaj
3395691123,BKforBernie
15326066,brooklynyarn
44030337,davematthewsbnd
39203045,Residente
709445158899752960,AdaFreiria
496375356,LuisSepulvedaNY
18978610,sallykohn
200711723,kartpath
22467386,ozomatli
56001656,kylieatwood
570290656,LateNightSeth
2429644279,TheSavionGlover
522538187,brandicarlile
114670081,rebleber
40103071,thesummerset
16632858,3OH3
21716143,abrito2007
1465412564,Clem4Congress
11915822,brigidbergin
18220175,iamdiddy
2283857654,voteamericanow
126118634,TWULocal100
17019152,steveaoki
24024778,kalpenn
60506242,onearmedmaninc
19847765,sahilkapur
28785486,ABC
95209383,UnivisionPR
29620439,kronayne
38452560,BPEricAdams
2810623552,NYWFP
1976125669,ScharffK
42958829,CBSEveningNews
263473924,ElizLanders
7744592,TODAYshow
116763916,JeffDSachs
15727317,aterkel
19721402,serjtankian
18424289,AJENews
32608975,saragoldrickrab
16540829,brianlogandales
267882951,drew_mc
22768264,issielapowsky
15392053,CBSSacramento
17187236,12News
1549717748,OphirBruck
81168306,hgsigala
3431591543,StandupforPR
15962096,DAVID_LYNCH
705233104764542976,PA4Sanders
241808573,TheBradMielke
103073080,SoDakDems
18363255,LatinoUSA
44951059,RealSheriffJoe
342770193,Alancumming
250295256,Frances_Fisher
30614876,Francesca_E
218292287,MayorStanton
15941955,RockTheVote
351065668,LatinoVoices
14543034,Parvesh
3242841195,RI4Bernie
71876190,DannyDeVito
357092583,JumaaneWilliams
1247612029,RitchieTorres
813953876,TroyLaRaviere
128072631,williamecurley
244655353,davidaxelrod
2475599276,NewyorkWeissman
82939583,rosariodawson
1652541,Reuters
27187343,lsarsour
126511890,NYCHA
309282144,anniekarni
182503471,TheLastWord
42980426,RI4A
3246963810,CWADennis
296769278,CasinaPioIV
23517712,WTKR3
152350703,joshbhaskell
82167518,aseitzwald
14887893,LSJNews
77026540,PaAFL_CIO
21094888,wsbtv
139731000,ariannaijones
80361644,RPCoalition
733244784,HGC1968
3607841056,nelly_beans
26775504,DemsAbroad
47248291,MehcadBrooks
30338668,joecaiazzo
44168607,UF
216812400,paullarocco
41017380,AlanGrayson
42343110,BenFolds
22650211,GMA
52878788,Univision23
454100672,mjbeckel
322416526,cfinst_org
20479813,MMFlint
17877451,MegKinnardAP
16543775,detroitnews
122794139,jonodiener
2804293009,nateruessmusic
138295682,JRJRmusic
20517132,LCVoters
230450027,gdebenedetti
23339518,reynoldsjessica
14693499,postandcourier
16685316,Weezer
428333,cnnbrk
198603631,TVNewsLady
262911271,portlandia
263751035,abowersock
258854542,alisonkingNECN
57431537,UMass
22077368,lesleyclark
128479325,rbecker51
18767699,CBSPolitics
69750383,Yorshmore
391037985,twhiddleston
25901146,GrangerSmith
32238757,IAMGUILLERMO
36006900,PatrickWalker
3403138217,feelthebernorg
3321135820,CWADistrict1
601895573,VerizonPolicy
59889953,verizon
3337804853,Bernlennials
28403414,funkinatrix
1935553399,KPApower
4332058576,teachers4bernie
3235914705,CWALarry
404478152,ClemBalanoff
694701298340356096,BernieOnIssues
285159912,VoteReagan
15723290,TIMEPolitics
23907014,brandonmackey_
377949581,NBCLatino
15919256,SuzGamboa
47785664,FernandoPeinado
3257945916,TexasForBernie
1477721988,Dulce__Saenz
2896141653,LCAgingOrgs
16086928,komonews
4862443772,gabymhoffmann
29134273,icaito
23213815,Jeremy11alive
111074974,Morehouse
44312605,jhutch1992
1413375072,4lifeHassan
251347126,weslata
204991039,CBS5AZ
344831981,harrybelafonte
2973499941,GatorsEite23
21029229,PPRockyMountain
3886246153,apocolipsefg
2342590009,NickySundt
118245138,woodruffbets
19339460,AnneClaireCNN
225907142,KRansome83
85694915,ErinBrockovich
8795772,freep
27098495,ColoradoStateU
3292306583,NCForBernie
135060958,joshfoxfilm
20278845,ryanjstanton
13001192,kare11
1080807139,docftw33
9245812,CNNgo
2330415198,ThisHour
17068692,PDPJ
93963456,trymainelee
6039302,stltoday
385590085,Laura_GomezRod
48581849,anitakumar01
119083451,taddevine
195885430,Dakarai_Turner
18631010,jamalhbryant
28221296,nbcsnl
62290422,RedHourBen
545443555,the1975
131546062,FLGovScott
67358645,WCVI
4835759061,SC4Bernie
371465104,RobertGBeckel
258885469,nickconfessore
6798482,jonathanoosting
27598833,Rubi__Martinez
112526560,kenvogel
37501003,RaniaKhalek
80617430,RyanLizza
190270078,pikittakbo
136300373,AaronBlake
2868568372,KansasForBernie
4851408316,Raise_Up_WA
15943733,scdp
3178741950,ChairChats
151291412,BoldNebraska
14364006,jrosenbaum
18227519,morningmika
18650417,1011_News
377634077,DSladeNews
32496789,WLOS_13
182944889,brendan_hines
189376144,NaomiAKlein
2401888526,4029Pedro
19725644,neiltyson
3904956605,ArabsForBernie
71584155,albamonica
250435101,benjaminokeefe
3245207352,KellySewRad
3251097097,Indies4Bernie
3060231163,Merrifield_SD11
27136225,PeaceAction
14296273,commondreams
22077191,ZooeyBuddy
2993493927,sanderswins
4541374877,Colleges4Bernie
239395004,corinew77
3603690382,BernieTampaBay
121817564,Fusion
292929561,ScottPelley
15169032,KXAN_News
24700156,laura_skelding
170863272,circuitamericas
5692542,statesman
221972776,_Julio_Caesar
58945187,Russian_Starr
243762919,ClaflinUniv1869
34713362,business
11680962,jmsummers
3140871813,HillaryForIowa
27763028,jasonnobleDMR
30868693,OKCFOX
91239990,ConnieJ4OK
20017835,evanmcmurry
612019015,PaulHawken
2666790169,ProjectDrawdown
103909018,GrantMRodgers
3302984134,omalleyforia
32702491,schneidmaster
14691200,VibeMagazine
24914032,mattcorridoni
1378677487,JosephOHern
185782618,JakeOeth
3774344541,Latinos4OMalley
4409555140,AneesaSM
21702539,nancycordes
72717049,nvdems
2914772711,Telegraph_Chris
9907172,NECN
3302940041,omalleyfornh
338678944,ACarmona8
19936820,NicoleCharky
1180379185,RealBenCarson
4741114536,BSandersBrigade
37965812,AnnieLinskey
16186750,jaytheking
7313362,chicagotribune
21634627,CitizenCohn
122210008,josefmtz
270033955,NHLAgenda
1423707932,HolleSharon
3622368202,JohnFetterman
25950355,NEJM
15529747,Aled
88940328,EricaMouraNEWS
41764193,evanhalper
15993122,dsamuelsohn
34747631,elizadushku
100329236,marcoregil
101062636,stephencbishop
17225211,OBEYGIANT
14268564,11AliveNews
2479224200,pussyrrriot
2796696369,MarkPontius
3687137841,ThisWeekInIowa
67194113,LVBurke
56828100,MARCMORIAL
16116288,rolandsmartin
17655062,kenclarkforaz
150224923,SiCarswell
14677751,mateagold
10649692,nhpr
10613072,qctimes
82389179,EMU_Swoop
1689973212,JoJo_Sabine
19103093,Wej12
1323848593,kelcollison
98046488,EvgenyFeldman
394260665,TweetingYarnie
227095732,jgillanNews3LV
17394793,News3LV
3363199611,LaborForBernie
116710152,fosterthepeople
3422739981,IL9CD4Bernie
4119741,jdickerson
491228622,aidanking_
18805644,FoxNewsSunday
3309943254,ziadtheactivist
496157028,PaulSasso
3186824274,SuVotoEsSuVoz
193137410,RepGrijalvaCS
286234486,GabiDomenzain
36554048,PuenteAZ
14835425,flobots
889068301,Islam_Press
1343423113,cbrewsayso
1953117787,berkeleyforum
37385776,caldems
1340093874,FWD_us
13761762,NeilRobertson
194351775,dhmontgomery
43966872,petejeffries
63219080,aarpia
1066546788,DrAndyMc
16198724,TexasTravesty
175950777,elraymer
942156122,RepSwalwell
3073895493,SarahLGriffin
4549215252,GovSteveBeshear
3056526130,PresidentCard
14412533,TheFix
59484515,WartburgCollege
557379987,emrata
1839211986,JackGleeson_
88539164,peterm1013
2987431064,samgrayia
19083469,TheIowaHawkeyes
23534104,MoElleithee
15463671,samsteinhp
1918678478,marrtasilva
3107988794,ProtegeteCO
80664954,Brotherlab
21962518,theAlexHanson
28709890,EdwardSharpe
22832229,ksosanie
33989747,JuanSaaa
96695061,GabyPacheco1
303827856,IKEAUSA
3307242655,HidalgoSanders
14336902,Brian_Williams2
201790336,MarcNECN
78138151,lacasablanca
271552278,SimpsonCollege
139823781,BetteMidler
4020287780,WOM_alley
3044840091,NolanDMcCaskill
282695074,FWhitfield
225265639,ddale8
990085837,rennycushing
7510172,seacoastonline
16340501,mattbai
245630440,GordonRHanson
2573013741,MattSheaff
322233761,DREAMIowa
1651208876,HectorASalamanc
46185319,crystalthomison
259074538,CNNOpinion
313550838,CCCAction
915433524,JOMJessie
2401792165,thecabbige
18775898,juliannehing
96883133,Iowa4bernie
81756964,TorreySmithWR
39922782,VernonDavis85
43545733,PresidentCam
3680260637,merrick_gordon
903881660,UNHStudents
1183041,wilw
15651396,kcautv
3146494646,TimSeamanABC9
312460407,scanthony14
53785694,ericlitmer
15554922,CAPAction
37861603,katarinasinfamy
14327933,Lis_Smith
40758652,jeffrae
65691824,CarlyFiorina
424789837,JuliaRJones
237883807,adriandgarcia
297098066,brendon310
22146282,Ravens
358410527,ireneberns
225284873,PlatinumBubble
14098960,ttagaris
788135467,lucasbros
20349761,DustyVinyl_FA
116919659,AaronRegunberg
30047168,MuhammadAli
155898670,Keniaacc
813902060,MamaRedfield
21916640,haleymorris
46335511,Trevornoah
3337179916,TBFKyle
213795411,GovWalker
3234309961,Sytharix
15321853,clairequestion
4150288873,ProjectBernie16
67212161,vicreyesep
3407395714,mashpolitics
1089594594,SeanMcEnerney
17137891,Walmart
106021590,nwarikoo
18021621,AAIUSA
494589153,ChsDems
2801975467,KatieNiekamp
29542988,tlfiegen
16129880,UofMaryland
14586296,CofC
376502929,Snapchat
152439052,emilycdeal
3737390953,goberniepod
92288820,carl_chirinos
214565388,vincentsheheen
17642849,jillsobule
1051696140,AbenaAbraham
89756641,dave_hamrick
29114336,afbarry
74286565,Microsoft
107116645,ConwayDailySun
587988334,TheGraceRogers
2717716964,EasyFoodStamps
503872708,KristiStL
363589787,thegr8brittan
2443869704,MPOWERfinancing
28035097,derwindubose
2788183563,newmajoritylabs
2408898403,HalcyonIncubate
2570382026,Liam5music
624322696,mandymarie404
2997040887,katie_bm
18020081,JohnKasich
198768902,MikeCroninWMUR
289052830,salawm
201611145,BackpocketBrew
282255277,Jay1043
58500736,KyDems
19636649,lksTRIPLETHREAT
2238744096,bcdoheny
56844413,gabriella_pet
336344562,FollowSamTaylor
2786558631,ChrisRaymondV
17388050,CornellCollege
8448722,MarcNo
4507285534,POLIRams
46644822,KristenOrthman
49615301,HarryReid
3253091005,l_seffrin
1347285918,ChrisChristie
151055178,momimbored
1531117615,Respect_Ability
164171101,carleegriffeth
2442433530,TxDemParty
15637375,UTAustin
136337303,NoLabelsOrg
20537468,MarkW_KVUE
182880523,overheardpbs
16014779,CC_MD
3355472182,GillianBennet17
18963809,moody
2670188232,AlexRosenCNN
18616083,JacksonSump
885548557,SamanthaJoRoth
276340793,taylorvdk42
858716964,PFTCommenter
5972532,SaintAnselm
1610851928,aida_cuahutli
121861357,NoelCandelaria
603986878,TheRealADSV
508284543,FreemanJeremyIA
15731165,thenyic
394924223,StevenOFA
36196298,AAAJ_AAJC
5990782,youngdems
469708047,npnewamericans
601701816,NVAFLCIO
229248547,SEIU1107
335094572,ChouBenjamin
463053212,Culinary226
389782388,ydc226
25334900,GOVERNING
257993631,CountyExecBaker
248941406,ChicagoHarris
176932593,UCBerkeley
508227095,ncnaacp
48388223,AARPNH
328574942,ibrandonlee
17982789,rdoconnor
514876068,SpradNH
53082840,rachelzuckerm
949934436,TomSteyer
2385620298,DavidRedlawsk
941648695,Uber_Maryland
38460691,BARCS_SHELTER
17632046,TechnologyIowa
80628196,AARP
219748068,PhilanderSmith
293012979,latimespolitics
15989554,katelinthicum
38164370,cmcforum
2532880557,_ryan23m
25146372,NCRonline
2341159958,NH1News
626180554,afreedman23
3028598878,ServiceNationNH
21827185,brianschweitzer
93733494,DropkickMurphys
464431854,DavidCamposSF
450779073,annahitrova22
227859108,JessicaMCoggins
348859458,ASAP_Morgy
25618502,MarkYourWorldd
75052205,caseymcdermott
15414842,MollieByron
1175221,digiphile
501199330,mob_advocacy
250861910,BrandonRittiman
17919972,taylorswift13
97503010,JDBmsnbc
49733381,jdbalart
476256944,SenFeinstein
42384760,carmeloanthony
16190104,kyork20
18243723,Dyn
246939630,shannonrwatts
885769812,AVusk
3158117582,carolynrcooper
371486933,JuddWinick
215884030,JakeVarn
3262100915,JRTHousing
35772433,ConMonitorNews
60937618,WalterDeleonDC
24787272,BrendanMcP
377424155,SarahBeckman3
1227835075,ItsMollyC
283091331,hankselby
20544536,ScottCastro
1531106070,DesisRisingUp
481771263,ConfluenceBrew
3938601792,TechCocktail
2773239068,bivonajohn
131274586,Cheyenne___M
84147605,Editor_JMike
14386730,MattOMalley
2784810061,vogt_for_nicky
23492179,jrud
98707178,_keithmorgan
342768115,polkdems
37338747,shirazita
56146059,jimbraude
1050677526,MargeryEagan
621944705,BosPublicRadio
4528087293,RJChq
31193056,ChrisRedfern419
3096056741,Ready4Martin
33281866,CYDiowa
22590280,pitaJ
413957969,BMcGrizzly
435264462,RayRayBowman
5336752,PeterHamby
94618543,SeaWorld
318036549,MiFamiliaVotaNV
86830263,Jorgesuarezsena
305134907,RepSoniaPacheco
36577312,bianchi2016
562418840,nelsonalcalde16
335332246,NHCSL
203839460,AnnaMolas
634867594,laurawilde100
40024095,MNFarmersUnion
27526564,peco34
3046059246,SteveYelich
249003503,mihiruthere
3214869077,plaistowdems
132496568,AGSchneiderman
3642102555,1MagBastard
20073589,UnionLeader
1525694971,NextGenClimate
3347750433,344_603
37988104,Re4mImmigration
316389142,iamjohnoliver
16348424,DTFarmersMarket
743292565,BrianFrosh
750626522,218Lov
311736179,princesskarly11
293665387,IowaSOS
80721563,austensara
39545828,iowasafeschools
16342836,notmegawattage
468126385,SBSunPhoto
14463655,pitzercollege
10576592,trevorcornwell
291814511,BlackGirlsCode
175102610,POPVOX
1003158626,LassyProject
2375786983,JoinBrigade
557332811,HallieGolden4
15067551,marcidale
2970511,lessin
67331057,MicrosoftSV
28160916,matthewmahan
79365337,6Gems
148570475,Josh_Richman
16180224,sccornwell
486798761,dougslogic
306993934,CheriDoane
80632388,HillaryLehr
15121219,adambonin
20818801,dailykos
1671429390,SarahRudolp
4806922821,kramer_ben
82504071,TrumpLasVegas
188885888,IQLatino
381155938,marcecolm
40295453,360Magazine
386102578,pretcap
48398809,TuftsDems
3063496448,iowawingding
15416505,GovMikeHuckabee
377609596,ericswalwell
359782802,_LeahKay_
26302350,JordanMeehan
3068108818,ECMIowa
19785310,desmoinesdem
154179400,ColinDaileda
133769083,USEmbCuba
33750798,ScottWalker
14377872,BenGoodman
6015212,ElUniversal
350612110,Jose_Aristimuno
42434332,leopoldolopez
26410478,eegorman
470792609,LissandraVilla
55285564,OmarBaddar
34344137,paul_esker
17214825,UM_Dearborn
2812398555,kenmonarchs
703356906,SenatorHosmer
14116807,ShareThis
29301265,ashblackstone
24789175,JamesFallows
15143040,tylergray
534768516,HeavenAndBalder
409371442,iMayaBerry
20605042,newsuptweets
3035139432,karenwgirgis
3320543478,Pawn4CYNH
17961886,NationalService
2782709670,Mosavali
66438556,CityYearNH
1660140536,IdealImpact
273686840,Fedbindi
414549775,meaghan_ryan
177598167,IowaAFLCIO
25214705,KCFarrar
465123413,DNCWomen
2841481473,Reid_NAC
4438912275,IJReview
12831882,thestate
3001616812,hollingsjd
327571822,collinwojo
73754019,harrisonjaime
349219528,CofCBullyPulpit
34010442,Moluskein
267372072,kushaanshah
2860727141,OpenDataNation
252889035,MicrosoftIPC
62596900,jrperello
120341761,SustainCreative
1725346819,WVFDW
818832204,JohnBalkam
15266199,kamanda
2559925034,sandboxx
213398585,shaunadamec
48786099,JosABank
37052188,jtackeff
126622736,JackHeathRadio
2690225810,NewsRadio610
2600563537,the_teejster
15973881,jfritze
35014834,ConcordC
265063846,EditorMikeO
459362054,ATFHQ
94130217,NAHREP
253403215,psutherlandNHPR
15369355,NishaChittal
306286907,KRogers91
385702678,DRMAction
701036533,boschlagel
278642216,ChairmanBuckley
475075345,SCDCNHDems
15956067,joseiswriting
14426645,Netroots_Nation
32608699,BobbyBauch
3071980380,globalintervent
3683264713,marveeshah24
527072290,shermansez
428478594,ColtonGriffin
3148708206,NickKellySays
16336406,nathanblake
1096259862,flamingtashhh
16162149,cmarinucci
2445809510,periscopeco
3280874724,surf_apps
1405331802,Forum280
229957544,_T_Rob
48795600,ckubeNBC
17375057,hmcghee
233484761,charlescwcooke
3346532045,ben_buysse
160311073,RachelReko
147746903,kalst05
17411077,smokeyrow
86345902,WKBKAM
434535093,Allie_Kite
2365726652,NCLREvents
15736836,pbpost
1361058786,mittjg
16177975,Zenber1
104914594,Phil_Mattingly
448356663,dominiclm_
94379906,SabadoGigante
1977118100,GradsHaveDebt2
28713128,MrJoshuaBrown
42688284,edisonmcdonald
175608345,OskyNews
705964764,OskaloosaIA
15084925,OmarWoodard
362271299,janeinak
1350266953,pzsenate
179718664,kelsey_kremer
535079024,Eva4organizing
868645364,LatinPost
176322902,AnnieGreaney
240468620,LaPrensaIowa
21461944,ABCLiz
11388132,lessig
89781370,LincolnChafee
1275136292,WomenBelong
2161696446,1908Draught
2604046382,DallasCoDem
340100281,Iowa_Drew
242748561,lorialivingston
403486224,GVHLive
3468171627,AllowDebate
21462162,Cammym
61000954,BUCollegeDems
17814938,Storify
576481389,RuralOrganizing
1347147108,helenmiller49
14335380,R_T_Rybak
93069110,maggieNYT
1708028568,ComeHereSayThat
1855700990,WhitneyLarsen77
304643819,SassyGabe
3583264572,IStandWithAhmed
36216777,riverasaniel
493319351,NoticentroWAPA
33256849,CSGV
18906561,GovernorPerry
311213085,SCohen22
1121730660,bensarro
52356535,WNTK997
56510427,motherboard
2987671552,LarryHogan
956482890,PotterPowerCY
1664731507,vaughnFNC
15012352,usmayors
234903621,afscmeiowa_c61
348051324,MBrownCY
27948604,KObradovich
25367445,DesMoinesMetro
48630334,zmaurin
147055861,mfclark
2544242706,LouDallesandro
14629299,BradyCarlson
2528836364,rioventricular
423773218,BaughanJacob
556299627,JohnForbes4IA
30659774,530
347926345,wgiram610
297204129,mpreambo
54919560,NotiUno
385444113,RachelPoliner
16669075,fema
318579554,yvetteanunez
212986248,johnbrisini
14226882,NCLR
17858017,hughbartling
72073289,Genius
20332563,deanbarker
29232480,CollegeDemsofMA
121231327,globegazette
17725288,eddiequintana
20697111,paulah
3145976032,MVBarnhill
126946608,mariauxpen
18961903,cpalmatier
15605622,grodeska
1146460370,Harrison4SC
714758552,oculus
109371631,brendaniribe
15933662,travismoore
32304094,CAYoungDems
598947276,atima_omara
154157498,Mark_Shriver
2564650959,lizabeth_verse
15256741,jenhouse
142849883,UNITEDWEDREAM
363276652,PsychoJaguar
38459769,HarvardIOP
38429399,JFKJrForum
2814956420,PortsDems
15985661,susaniniowa
17499394,joegarofoli
250843695,Jon_Scanlon
257769063,ArtieBlancoSays
458879695,HuckMontgomery
44431715,NHYoungDems
600397477,JayAFTA
27649069,VotingforKids
35745067,wkxlnhchris
364460082,TerrapinHoops
23348842,brianneDMR
54994166,umterps
813607004,BrianHeeren
15680988,IowaStateFair
135514272,EndaKennyTD
2203956420,CharlieMcConkey
151106990,BrookingsInst
367489108,JoeCurtatone
1523447846,PJAmartey
461298928,ricksmith2825
74588583,USHCC
372886520,udidthisjgilde
91048272,Brian_Guillaume
10688432,KansasDems
3307178217,01POTUS
70703262,JHUCarey
557538335,BloomLuka
15232098,sambonfante
374211432,PastorHahn
381153221,EndHungerCC
84401852,WalmartGiving
2856360912,theworkerslab
271441733,AmbDermer
58562226,IsraelinUSA
2862568319,ChoirWj
1225199508,HeraldRadio
388469209,MDSP
109328493,MayorSRB
261234528,drJoshS
1586014255,MarylandConnect
1618714663,ShurtleffSteve
16581604,MikeBloomberg
245571881,MurielBowser
17384099,esaoperations
2711533287,tmazorlig
925980672,poguesofficial
3102048523,LewisYv
17643105,tomhucker
33619726,KumarBarve
172344569,arunamiller
7414672,sam_arora
322143316,okayhenderson
31524154,jamesqlynch
52530334,IowaPress
16404646,wis10
1247758134,jbaezrivera
1665514478,ThisIsAmerica
182819523,JoseADelgadoEND
1606673432,KAlexWallace
325635294,bravo1313
2494259509,IAcaucus2016
17357759,mikecarberry
21437858,JanelleRettig
345522684,PTXofficial
2922928743,danpfeiffer
115769727,FtMcHenryNPS
158445020,Bettermarkets
18481050,SEC_News
26538229,federalreserve
234044087,CFTC
294154735,ChrisAbeleMKE
234002627,RepBradMiller
322013313,LuisGutierrez
23970102,oreillyfactor
113758100,DennisDMZ
366078108,PaulDavisKS
1023020557,SecSebelius
2571504728,DataBay_MD
60931411,DMACCNews
2654912114,EdwardMFelegy
621423747,UChiPolitics
2435766408,adi_max07
15443632,prernaplal
336636169,presidencyandpr
2838775419,1776dc
369089238,MadeleineWiner
44495316,hillarykwiatek
17812591,dsantuccio
312638865,EmilyMDrew
1273226869,richie_schmidt
188417388,LWCFCOALITION
91416716,MDStateParks
342233158,BrentGriffiths
264257996,StateMaryland
16999795,MDMEMA
17316879,kenulman
76136090,theDrybar
16653734,ahepker
68999404,ClintonGlobal
360828121,FRESHFARMSlvrSp
67253794,KatCDonnelly
14370739,gazettedotcom
2424440299,SenatorRobHogg
757372008,IndianEmbassyUS
29293808,BruceBraley
2902543741,AppelforIowa
19076678,idaveprice
259736125,RuralMaryland
153869519,CollegeDemsofMD
1661586091,sung_minkim
36003748,thedbk
177321281,FlatlandKC
161011536,llyydddzz
2559422309,chelsea_said_it
602385772,selcharrodeoro
36784904,JimFranke
14199378,smithsonian
15635891,Somos_CASA
3260823685,GCforOMalley
208668757,portofbalt
393778430,ClinicaAlicia
114833521,MarkSchauer
2982232648,UMTerpsBaseball
163486896,JMurguia_NCLR
39389304,Orioles
176962510,maryland
525042670,Students4MD
188019606,Clyburn
18145273,tuohy
18057025,jillianmaccini
117501995,SenatorCantwell
262335286,gisellahart
253639811,pchowder
17856665,anthonyfoxx
139592747,meganbrabec
438388302,PompeianOils
25704351,BoldProgressive
17086475,Demos_Org
299743215,presidentloh
22674946,nhiop
38477209,DemGovs
243271477,GovernorQuinn
4909361,greghauenstein
608716337,BrainSentry
57655281,1199mass
66137554,RichMadaleno
436730442,MDEnvironment
67802424,TreyDeuce32RTR
345379317,realgregmargida
241201438,Bakari_Sellers
2950769694,AR_Future
20708051,BWI_Airport
18084865,GSNGovtSecNews
66395780,chevrolet
18917699,MDSHA
399977826,TheMDTA
10850192,GM
17516149,JohnLithgow
17193952,BaltSymphony
24790283,smokey_robinson
31641658,KChenoweth
94475309,denycegraves
361976552,AlexandraIToma
199784543,mhildreth
190290939,ProudToRescue
276130007,ClarkCountyFD
1604366701,LaborSec
102179067,AaronDFordNV
345985168,ClarkDems
15369546,WindyGlick
15923496,CCAN
8965932,FlyingDog
22012091,WhipHoyer
338470037,Hagerstown_MD
856510441,lblarrea
1023096199,HouseofCards
2196989288,jeffjamawat
117839957,hickforco
459614008,RepMaryWolfe
3060782983,iowadailydem
249217178,latinorebels
11379362,ServiceNation
1613821106,SomersworthDems
437717358,SustainaFest
42903529,caroseberryenh
1164030284,McCrayLaurie
55300928,johndeeth
92996555,BishopGarrison
56875220,frankmugisha
26589987,serenawilliams
18682378,ParadeMagazine
778798705,DonnaFEdwards
65493023,SarahPalinUSA
80654397,MariaESalinas
25056977,RayLehr
26574283,CNBCnow
15922214,rollcall
17842366,Discovery
330921167,astro_reid
40153002,MarylandWLax
8861752,baltimoresun
21415216,OCMaryland
23879043,TheTodayShow
1924580317,ScottCoDems
89539134,BlueAngels
510516465,daveloebsack
80113196,MdAgDept
2927758254,AppMeerkat
337357518,jackandraka
2898551564,StaedArt
17782124,iahousedemocrat
41366385,UAPipeTrades
156030129,NECouncil
334101420,BVI_INN
2305428572,CommissBratton
19380829,Yahoo
222107569,MDOTNews
25085215,BikeLeague
749523404,MdPublicSchools
1104635388,Mr_McComb
122533830,PattyArquette
175397774,MD_CommColleges
281093604,HCAMaryland
318518392,sr_simone
84126644,dominiclowell
155655540,Belfast_Beltway
743538714,katieledecky
2176881492,carter4governor
38589630,KhyChestnut
2714280342,BBMSPTSA
2557651506,BannekerReads
803555028,AndreaBlackston
1426474662,DTSilverSpring
15572155,kayhagan
47146130,ydnc
2757100428,joshkiiim
109901017,courtneywatson1
1616378156,Marice_Morales
1270418690,BELBaltimore
12343872,SenBillFerg
211207200,kpwalling
2358208718,VoteIkeLeggett
62633151,MCDCC
3255075102,RandiBrazeau
94013297,MMViverito
1571262516,SuperHCPSS
1616058943,hcpss_hses
128895688,MDFoodBank
18147265,AccessDNR
97280062,BestBuddies
18839785,narendramodi
70188601,marthacoakley
68156183,collegedemsofbc
28589777,PrinceGeorgesMD
20618180,skorpyos
24303166,klyouell
15893354,wpjenna
389693939,StarSpangled200
818455429,MD_Army_Guard
15763818,UWMadison
41966069,BaltCitySchools
266719387,StenyHoyer
17234834,boloco
87205368,WesternMDHealth
39583267,FIU
29999174,SenateMajority
115733549,SenatorHarkin
29797190,StandardSolar
61583656,USGSA
127974109,MyBGE
47944305,AnnapolisPD
14185317,JenGranholm
60718655,MoDemParty
163570705,repcleaver
15945221,ashleyvalis
46006331,BryanVoltaggio
66754934,1199SEIU
18778840,gzusi
138625631,Omar4Gonzalez
82649553,repdonnaedwards
3431737570,bigtenconf
278145569,MarshaBlackburn
189620364,LoudAndLiberal
366072412,NewPsalmist
286302336,LisaBrown39
1154588840,PatMurphy4Iowa
28357349,MarylandMSoccer
1660363105,nancyduden
2317179691,sarahxc5
25996655,jlschuster827
1281405877,DrBiden
2317249044,UMDCoachSzefc
850296782,nickcstewart
376503132,jstinnett7
31138753,MDBiz
1365407569,ClickMedix
1849108429,luminalHQ
2687896501,ShaunHUD
850211924,HealthifyUS
48724141,GovernorMarkell
18723114,AstraZenecaUS
56488059,pfizer
531561605,AmericaFerrera
1606918099,hcpss_dms
35936474,KDTrey5
2982158781,DavidAgnew44
37694732,rlange9
17907578,dinatitus
21692297,TheAdvocateMag
1364930179,WarrenBuffett
730420637529985024,ajazzyworld
15506669,JeffBezos
24164338,NABJ
6819732,NAHJ
18587457,MHarrisPerry
185868832,Dakota_Meyer
2260894412,IAFFTreg
169790155,IAFFLocal5
73813227,LauraWalkerKC
21252618,JakeSherman
32871086,kylegriffin1
16513335,votevets
1249982359,SenateMajLdr
172434834,RyanEGraney
2878133506,StampOutPTSD
1614054846,BarneyFrank
2966570782,RepRubenGallego
1045110018,RepDanKildee
240812994,YvetteClarke
2149414262,OhioPoliticsNow
11347122,GavinNewsom
19418459,JerryBrownGov
69663100,SpencerJCox
475988505,GeorgeHWBush
20196258,ElizabethBanks
14849562,WesleyLowery
582058942,sjbxtr
502442856,ConstanceZimmer
6482142,originalgriz
2729615444,malcolmkenyatta
22086608,TyroneGayle
24768753,SherrodBrown
193732179,RepJudyChu
133832049,RepBecerra
19923144,NBA
123663235,MoodysAnalytics
268439864,xtina
40255499,ricky_martin
3063996411,StopBigMoney
410249471,UltraViolet
19247844,glamourmag
39804874,cameronesposito
187993109,FTC
282545479,mikiebarb
163598915,jwpetersNYT
41655668,AustinHunt
17825891,latimesopinion
317187060,TheWCS
56495963,NRDC_AF
468823008,RanaForoohar
34277412,wdasfm
3065429605,prince
130859325,MsPattyJackson
176896430,TalleySergent
16303106,StephenAtHome
377778216,GideonResnick
1058520120,RepDuckworth
13491312,RepTimRyan
2293131060,RepKClark
50452197,RepJohnLarson
24573654,zatchry
326945861,JuniorsCheeseck
19397785,Oprah
19923293,Glassdoor
215694545,bkesling
19397942,SadiqKhan
432895323,LindseyGrahamSC
15141153,kylerush
3065966919,HillaryForNY
38512770,NYAmNews
56223278,DavidMuir
110195330,CarliLloyd
10615232,ChuckGrassley
14342564,NOAA
4777364477,HonTonyCoelho
872390989,CanoMartinPena
11856032,NBCPolitics
19923638,TheCut
14708814,hartfordcourant
379754341,MichelleWKwan
1601570406,TTMFoundation
19918986,WashBlade
1963262869,thedream_us
13018112,DVF
2163761970,evafehren
85603854,JLo
398193180,JimmyGomezCA
16316895,UFWupdates
32235120,TanyD
2729197073,AJKoski16
168269870,emgrundy
2468639096,MorrisColl1908
130496027,jonfavs
3070326495,anotherround
103130238,tomcolicchio
3180226700,transforhillary
14689197,PhillyDailyNews
500089281,RadioCity
277072851,EAFNYC
256349962,_Punya_
14528874,aldotcom
46181435,TSUedu
8980312,IdahoStatesman
269362788,LSherABC
38228095,theGrio
19104458,MikeyLikesItNY
22103425,rebeccachalif
1284589022,Vivek_Vis
25463212,Jeffsnation
319100065,NationalAction
266975216,KrisGoldsmith85
757590077044236288,RepEmilyVirgin
14752226,jdunnington
112481670,broadcity
83998973,rembert
18021496,GLSEN
96846955,IAmSteveHarvey
65412757,GarcelleB
19107878,GlennThrush
163724029,reneeelisegolds
19834403,BilldeBlasio
37074061,Chirlane
234489403,mayoredlee
59541948,ApolloTheater
3056105255,HillaryforKS
1479840834,natimontelongo
1481247762,Gretchen_LA
43882090,McHenryCountyIL
14521926,lovebscott
14090948,AntonioFrench
3882169698,MO4Hillary
1161879818,MattPaulIA
82016286,CoreyCiorciari
3488471,amandalitman
540457969,PadenSarah
582070020,JoyceBeatty
205302299,kerrywashington
2717254872,violadavis
1290082680,EllenPompeo
40684090,FeministaJones
565469671,XavierBecerra
2816497919,NaomiTeneAustin
3061734398,BlavityLife
326518767,Aspiring_ESQ
3367956359,IntersectionTNR
